year,day_of_month,trips,sum_fare,pickup_dow,date,weekday,avg_fare,est_all_trips
2015,1,92642,1170267.66,3,2015-01-01,Thursday,12.63,370568
2015,2,83605,1003722.04,4,2015-01-02,Friday,12.01,334420
2015,3,99062,1147274.94,5,2015-01-03,Saturday,11.58,396248
2015,4,79819,1004542.7,6,2015-01-04,Sunday,12.59,319276
2015,5,88400,1072927.43,0,2015-01-05,Monday,12.14,353600
2015,6,93363,1101813.8,1,2015-01-06,Tuesday,11.8,373452
2015,7,104015,1185541.28,2,2015-01-07,Wednesday,11.4,416060
2015,8,109523,1273050.66,3,2015-01-08,Thursday,11.62,438092
2015,9,108472,1287681.82,4,2015-01-09,Friday,11.87,433888
2015,10,125104,1414496.25,5,2015-01-10,Saturday,11.31,500416
2015,11,101636,1209050.47,6,2015-01-11,Sunday,11.9,406544
2015,12,96669,1148977.88,0,2015-01-12,Monday,11.89,386676
2015,13,109128,1292149.85,1,2015-01-13,Tuesday,11.84,436512
2015,14,107305,1284649.07,2,2015-01-14,Wednesday,11.97,429220
2015,15,109604,1340176.71,3,2015-01-15,Thursday,12.23,438416
2015,16,116009,1402147.65,4,2015-01-16,Friday,12.09,464036
2015,17,115379,1305378.11,5,2015-01-17,Saturday,11.31,461516
2015,18,103481,1186014.87,6,2015-01-18,Sunday,11.46,413924
2015,19,83606,1009406.36,0,2015-01-19,Monday,12.07,334424
2015,20,99031,1192812.86,1,2015-01-20,Tuesday,12.04,396124
2015,21,104297,1228410.24,2,2015-01-21,Wednesday,11.78,417188
2015,22,109876,1319489.59,3,2015-01-22,Thursday,12.01,439504
2015,23,114650,1388596.8,4,2015-01-23,Friday,12.11,458600
2015,24,112063,1241128.82,5,2015-01-24,Saturday,11.08,448252
2015,25,98812,1183139.17,6,2015-01-25,Sunday,11.97,395248
2015,26,55987,660863.88,0,2015-01-26,Monday,11.8,223948
2015,27,33056,305434.15,1,2015-01-27,Tuesday,9.24,132224
2015,28,92458,1114873.13,2,2015-01-28,Wednesday,12.06,369832
2015,29,104841,1318552.53,3,2015-01-29,Thursday,12.58,419364
2015,30,117185,1419701.13,4,2015-01-30,Friday,12.12,468740
2015,31,125677,1424929.01,5,2015-01-31,Saturday,11.34,502708
2016,1,83995,1072162.3,4,2016-01-01,Friday,12.76,335980
2016,2,75784,936320.78,5,2016-01-02,Saturday,12.36,303136
2016,3,73550,951452.0,6,2016-01-03,Sunday,12.94,294200
2016,4,76799,930204.32,0,2016-01-04,Monday,12.11,307196
2016,5,83795,1002087.55,1,2016-01-05,Tuesday,11.96,335180
2016,6,84314,1005335.1,2,2016-01-06,Wednesday,11.92,337256
2016,7,89072,1074698.47,3,2016-01-07,Thursday,12.07,356288
2016,8,95480,1141526.05,4,2016-01-08,Friday,11.96,381920
2016,9,99332,1148386.04,5,2016-01-09,Saturday,11.56,397328
2016,10,85462,1033392.53,6,2016-01-10,Sunday,12.09,341848
2016,11,83065,1012022.95,0,2016-01-11,Monday,12.18,332260
2016,12,89430,1064564.85,1,2016-01-12,Tuesday,11.9,357720
2016,13,96546,1140267.51,2,2016-01-13,Wednesday,11.81,386184
2016,14,96354,1192610.61,3,2016-01-14,Thursday,12.38,385416
2016,15,98042,1231079.29,4,2016-01-15,Friday,12.56,392168
2016,16,100202,1190202.41,5,2016-01-16,Saturday,11.88,400808
2016,17,92244,1107966.55,6,2016-01-17,Sunday,12.01,368976
2016,18,82463,980555.69,0,2016-01-18,Monday,11.89,329852
2016,19,93646,1166405.44,1,2016-01-19,Tuesday,12.46,374584
2016,20,92903,1163299.44,2,2016-01-20,Wednesday,12.52,371612
2016,21,97355,1231375.64,3,2016-01-21,Thursday,12.65,389420
2016,22,102085,1235658.8,4,2016-01-22,Friday,12.1,408340
2016,23,19286,226190.03,5,2016-01-23,Saturday,11.73,77144
2016,24,38727,467363.01,6,2016-01-24,Sunday,12.07,154908
2016,25,68743,1010177.16,0,2016-01-25,Monday,14.69,274972
2016,26,80416,1149332.35,1,2016-01-26,Tuesday,14.29,321664
2016,27,87728,1166803.18,2,2016-01-27,Wednesday,13.3,350912
2016,28,93495,1220167.2,3,2016-01-28,Thursday,13.05,373980
2016,29,101139,1278632.69,4,2016-01-29,Friday,12.64,404556
2016,30,105759,1256734.43,5,2016-01-30,Saturday,11.88,423036
2016,31,87991,1106470.39,6,2016-01-31,Sunday,12.57,351964
