pickup_hour,is_weekend,trips,median_tip_pct,mean_tip_pct_clipped,share_no_tip,day_type
0,0,143461,22.17,21.13,4.67,Weekday
1,0,85465,22.08,21.03,5.45,Weekday
2,0,53983,22.08,20.91,6.41,Weekday
3,0,35827,22.0,20.49,7.7,Weekday
4,0,31093,22.08,20.54,7.63,Weekday
5,0,52924,22.31,20.92,4.61,Weekday
6,0,144126,21.5,20.1,3.44,Weekday
7,0,264910,21.43,20.11,2.82,Weekday
8,0,327408,21.39,20.19,2.71,Weekday
9,0,297204,21.43,20.37,2.83,Weekday
10,0,242318,21.5,20.68,3.01,Weekday
11,0,233590,21.52,20.77,3.13,Weekday
12,0,242840,21.58,20.82,3.29,Weekday
13,0,239794,21.6,20.85,3.38,Weekday
14,0,258109,21.6,20.82,3.41,Weekday
15,0,250026,21.67,20.81,3.5,Weekday
16,0,220607,23.43,22.44,3.61,Weekday
17,0,281182,23.33,22.32,3.27,Weekday
18,0,359059,23.27,22.23,2.89,Weekday
19,0,373828,23.27,22.23,2.71,Weekday
20,0,361764,22.36,21.54,2.71,Weekday
21,0,354008,22.27,21.52,2.75,Weekday
22,0,326983,22.22,21.36,3.12,Weekday
23,0,260411,22.17,21.15,3.77,Weekday
0,1,133379,22.0,20.56,4.54,Weekend
1,1,116119,22.0,20.52,5.04,Weekend
2,1,91489,22.0,20.25,5.94,Weekend
3,1,69439,21.92,19.99,6.72,Weekend
4,1,37637,21.79,19.74,8.15,Weekend
5,1,15558,21.73,19.84,7.97,Weekend
6,1,19170,21.36,19.77,6.77,Weekend
7,1,27384,21.6,20.37,5.55,Weekend
8,1,44241,21.76,20.75,4.24,Weekend
9,1,65712,21.68,20.83,3.55,Weekend
10,1,85001,21.67,20.76,3.22,Weekend
11,1,99198,21.58,20.63,3.11,Weekend
12,1,109416,21.52,20.51,3.05,Weekend
13,1,109273,21.45,20.35,3.21,Weekend
14,1,105909,21.45,20.29,3.35,Weekend
15,1,107119,21.45,20.3,3.42,Weekend
16,1,101682,21.5,20.44,3.37,Weekend
17,1,110842,21.45,20.42,3.4,Weekend
18,1,124278,21.45,20.41,3.27,Weekend
19,1,120085,21.43,20.36,3.33,Weekend
20,1,106635,22.22,20.98,3.51,Weekend
21,1,102041,22.22,21.04,3.55,Weekend
22,1,106020,22.17,20.9,3.71,Weekend
23,1,101230,22.0,20.62,4.22,Weekend
